{
	"appId": "io.ionic.sipfresh",
	"appName": "SipFreshNew",
	"plugins": {
		"GoogleAuth": {
			"scopes": [
				"profile",
				"email"
			],
			"serverClientId": "820872372501-as58mc0l42ucg6mc306jbdkf5t60lvc4.apps.googleusercontent.com",
			"androidClientId": "820872372501-as58mc0l42ucg6mc306jbdkf5t60lvc4.apps.googleusercontent.com",
			"forceCodeForRefreshToken": true
		}
	},
	"webDir": "dist",
	"server": {
		"allowNavigation": [
			"*.paypal.com",
			"*.paypalobjects.com",
			"https://www.paypal.com",
			"https://www.sandbox.paypal.com"
		]
	},
	"android": {}
}
